Unnamed: 0.1,Unnamed: 0,Text,Timestamp,User,Platform,Hashtags,Retweets,Likes,Country,Year,Month,Day,Hour,Sentiment
0,0, Enjoying a beautiful day at the park!              ,15-01-2023 12:30, User123      , Twitter  , #Nature #Park                            ,15,30, USA      ,2023,1,15,12,Positive
1,1, Traffic was terrible this morning.                 ,15-01-2023 08:45, CommuterX    , Twitter  , #Traffic #Morning                        ,5,10, Canada   ,2023,1,15,8,Negative
2,2, Just finished an amazing workout! üí™               ,15-01-2023 15:45, FitnessFan   , Instagram , #Fitness #Workout                        ,20,40, USA        ,2023,1,15,15,Positive
3,3, Excited about the upcoming weekend getaway!        ,15-01-2023 18:20, AdventureX   , Facebook , #Travel #Adventure                       ,8,15, UK       ,2023,1,15,18,Positive
4,4, Trying out a new recipe for dinner tonight.        ,15-01-2023 19:55, ChefCook     , Instagram , #Cooking #Food                           ,12,25, Australia ,2023,1,15,19,Neutral
5,5, Feeling grateful for the little things in life.    ,16-01-2023 09:10, GratitudeNow , Twitter  , #Gratitude #PositiveVibes              ,25,50, India    ,2023,1,16,9,Positive
6,6, Rainy days call for cozy blankets and hot cocoa.   ,16-01-2023 14:45, RainyDays    , Facebook , #RainyDays #Cozy                         ,10,20, Canada   ,2023,1,16,14,Positive
7,7, The new movie release is a must-watch!             ,16-01-2023 19:30, MovieBuff    , Instagram , #MovieNight #MustWatch                  ,15,30, USA    ,2023,1,16,19,Positive
8,8, Political discussions heating up on the timeline.  ,17-01-2023 08:00, DebateTalk   , Twitter  , #Politics #Debate                       ,30,60, USA      ,2023,1,17,8,Negative
9,9, Missing summer vibes and beach days.               ,17-01-2023 12:20, BeachLover   , Facebook , #Summer #BeachDays                      ,18,35, Australia ,2023,1,17,12,Neutral
10,10, Just published a new blog post. Check it out!      ,17-01-2023 15:15, BloggerX     , Instagram , #Blogging #NewPost                      ,22,45,USA,2023,1,17,15,Positive
11,11, Feeling a bit under the weather today.             ,18-01-2023 10:30, WellnessCheck, Twitter  , #SickDay #Health                        ,7,15, Canada   ,2023,1,18,10,Negative
12,12, Exploring the city's hidden gems.                  ,18-01-2023 14:50, UrbanExplorer, Facebook , #CityExplore #HiddenGems                ,12,25, UK       ,2023,1,18,14,Positive
13,13," New year, new fitness goals! üí™                    ",18-01-2023 18:00, FitJourney   , Instagram , #NewYear #FitnessGoals                  ,28,55, USA        ,2023,1,18,18,Positive
14,14, Technology is changing the way we live.            ,19-01-2023 09:45, TechEnthusiast, Twitter  , #Tech #Innovation                       ,15,30, India    ,2023,1,19,9,Neutral
15,15, Reflecting on the past and looking ahead.          ,19-01-2023 13:20, Reflections  , Facebook , #Reflection #Future                     ,20,40, USA      ,2023,1,19,13,Positive
16,16, Just adopted a cute furry friend! üêæ              ,19-01-2023 17:10, PetAdopter   , Instagram , #PetAdoption #FurryFriend               ,15,30, Canada    ,2023,1,19,17,Positive
17,17, Late-night gaming session with friends.            ,20-01-2023 00:05, GamerX       , Twitter  , #Gaming #LateNight                      ,18,35, UK       ,2023,1,20,0,Positive
18,18, Attending a virtual conference on AI.              ,20-01-2023 11:30, TechConference, Facebook , #AI #TechConference                     ,25,50,USA,2023,1,20,11,Neutral
19,19, Winter blues got me feeling low.                   ,20-01-2023 15:15, WinterBlues  , Instagram , #WinterBlues #Mood                      ,8,15, USA       ,2023,1,20,15,Negative
20,20, Sipping coffee and enjoying a good book.           ,21-01-2023 08:40, Bookworm     , Twitter  , #Reading #CoffeeTime                    ,22,45, India    ,2023,1,21,8,Positive
21,21, Exploring the world of virtual reality.            ,21-01-2023 13:20, VRExplorer   , Facebook , #VR #VirtualReality                     ,15,30,USA,2023,1,21,13,Positive
22,22, Productive day ticking off my to-do list.          ,21-01-2023 16:45, ProductivityPro, Instagram , #Productivity #WorkFromHome           ,30,60, USA ,2023,1,21,16,Positive
23,23, Just finished a challenging workout routine.       ,22-01-2023 09:15, FitnessWarrior, Twitter  , #Fitness #ChallengeAccepted             ,20,40, UK       ,2023,1,22,9,Positive
24,24, Celebrating a milestone at work! üéâ               ,22-01-2023 14:30, CareerMilestone, Facebook , #Career #Milestone                      ,12,25, Canada  ,2023,1,22,14,Positive
25,25, Sunday brunch with friends.                        ,22-01-2023 12:00, BrunchBuddy  , Instagram , #Brunch #Friends                       ,15,30, UK ,2023,1,22,12,Positive
27,28, Learning a new language for personal growth.       ,23-01-2023 16:20, LanguageLearner, Facebook , #LanguageLearning #PersonalGrowth       ,25,50, India     ,2023,1,23,16,Positive
28,29, Quiet evening with a good book.                    ,23-01-2023 19:45, BookLover    , Instagram , #Reading #QuietTime                     ,15,30, Australia ,2023,1,23,19,Positive
29,30, Reflecting on the importance of mental health.     ,24-01-2023 11:30, MentalHealthMatters, Twitter  , #MentalHealth #SelfCare                 ,22,45, USA      ,2023,1,24,11,Positive
30,31, New painting in progress! üé®                       ,24-01-2023 15:00, ArtistInAction, Facebook , #Art #PaintingInProgress             ,12,25, Canada ,2023,1,24,15,Positive
31,32, Weekend road trip to explore scenic views.         ,24-01-2023 17:30, RoadTripper  , Instagram , #RoadTrip #ScenicViews                  ,18,35, UK        ,2023,1,24,17,Positive
32,33, Enjoying a cup of tea and watching the sunset.     ,25-01-2023 18:00, SunsetWatcher, Twitter  , #TeaTime #Sunset                       ,15,30, India    ,2023,1,25,18,Positive
33,34, Coding a new project with enthusiasm.              ,25-01-2023 13:15, CodeEnthusiast, Facebook , #Coding #Enthusiasm                   ,30,60, USA ,2023,1,25,13,Positive
34,35, Feeling inspired after attending a workshop.       ,26-01-2023 09:45, WorkshopAttendee, Instagram , #Inspiration #Workshop                  ,25,50,USA,2023,1,26,9,Positive
35,36, Winter sports day at the local park.               ,26-01-2023 14:20, WinterSports  , Twitter  , #WinterSports #Fun                     ,15,30, Canada   ,2023,1,26,14,Positive
36,37, Quality time with family this weekend.             ,26-01-2023 17:40, FamilyTime   , Facebook , #FamilyTime #Weekend                    ,22,45, UK        ,2023,1,26,17,Positive
37,38, Attending a live music concert tonight.            ,27-01-2023 20:00, MusicLover   , Instagram , #Music #ConcertNight                  ,18,35, USA ,2023,1,27,20,Positive
38,39, Practicing mindfulness with meditation.            ,27-01-2023 12:30, MindfulMoments, Twitter  , #Mindfulness #Meditation               ,15,30, India    ,2023,1,27,12,Positive
39,40, Trying out a new dessert recipe.                   ,27-01-2023 16:10, DessertExplorer, Facebook , #Dessert #Cooking                      ,12,25, Canada ,2023,1,27,16,Positive
40,41, Excited about the upcoming gaming tournament.      ,28-01-2023 09:00, GamingEnthusiast, Instagram , #Gaming #Tournament                     ,30,60,USA,2023,1,28,9,Positive
41,42, Planning a garden makeover for spring.             ,28-01-2023 14:45, GardenPlanner , Twitter  , #Gardening #Spring                     ,25,50, USA      ,2023,1,28,14,Positive
42,43, Celebrating a friend's birthday tonight! üéÇ       ,28-01-2023 19:30, BirthdayBash , Facebook , #Birthday #Celebration                  ,15,30, UK ,2023,1,28,19,Positive
43,44, Feeling accomplished after a productive day.       ,29-01-2023 17:00, ProductivityWin, Instagram , #Accomplished #Success               ,22,45, India ,2023,1,29,17,Positive
44,45, A cozy evening with a good movie.                 ,29-01-2023 20:20, MovieNight   , Twitter  , #CozyNight #MovieTime                   ,18,35, Canada   ,2023,1,29,20,Positive
45,46, Exploring local art galleries this weekend.        ,30-01-2023 11:30, ArtExplorer  , Facebook , #Art #GalleryExplore                    ,15,30, USA      ,2023,1,30,11,Positive
46,47, New book release from my favorite author!          ,30-01-2023 15:45, BookwormX    , Instagram , #BookRelease #FavoriteAuthor           ,12,25, UK   ,2023,1,30,15,Positive
47,48, Attending a virtual reality meetup.                ,30-01-2023 18:30, VRMeetup     , Twitter  , #VRMeetup #VirtualReality               ,28,55, India    ,2023,1,30,18,Positive
48,49, Reflecting on the beauty of nature.                ,31-01-2023 10:45, NatureLover  , Facebook , #Nature #Reflection                     ,15,30, Australia ,2023,1,31,10,Positive
49,50, Cooking a special dinner for loved ones.           ,31-01-2023 19:00, ChefAtHome   , Instagram , #Cooking #SpecialDinner                ,20,40, USA       ,2023,1,31,19,Positive
50,51, Feeling optimistic about the week ahead.           ,31-01-2023 16:20, OptimisticMindset, Twitter  , #Optimism #NewWeek                     ,15,30, Canada   ,2023,1,31,16,Positive
51,52, Starting a new fitness challenge tomorrow! üí™     ,01-02-2023 08:00, FitnessChallenge, Facebook , #FitnessChallenge #NewBeginnings       ,22,45, UK         ,2023,2,1,8,Positive
52,53, Sunday bike ride through scenic trails.           ,01-02-2023 13:30, BikeExplorer  , Instagram , #BikeRide #ScenicTrails                ,18,35, USA     ,2023,2,1,13,Positive
53,55, Can't believe the injustice happening in our society.,11-02-2023 09:30, SocialJustice   , Twitter  , #Injustice #Angry                            ,20,40, Canada     ,2023,2,11,9,Negative
54,56, Feeling a sense of fear after watching a thriller movie. ,11-02-2023 21:15, ThrillerFan     , Instagram , #Fear #ThrillerMovie                         ,15,30, USA          ,2023,2,11,21,Negative
55,57, Heartbroken after hearing the news about a natural disaster. ,12-02-2023 14:45, EmpathyFirst    , Facebook , #Sadness #NaturalDisaster                    ,25,50, India      ,2023,2,12,14,Negative
56,58, The state of the world's environment is just disgusting. ,12-02-2023 18:20, EcoAwareness    , Twitter  , #Disgust #Environment                        ,18,35, UK         ,2023,2,12,18,Negative
57,59, Pure happiness: celebrating a loved one's achievement! ,13-02-2023 10:00, ProudFriend     , Instagram , #Happiness #Celebration                   ,30,60, USA ,2023,2,13,10,Positive
58,60, Laughter is the best medicine‚Äîenjoying a comedy show. ,13-02-2023 19:30, ComedyFan       , Facebook , #Joy #ComedyShow                             ,22,45, Canada    ,2023,2,13,19,Positive
59,61, Sharing love and positive vibes with everyone! ‚ù§Ô∏è      ,14-02-2023 08:30, LoveSpreader    , Twitter  , #Love #SpreadLove                            ,15,30, Australia  ,2023,2,14,8,Positive
60,62, An amusing incident brightened up my day!               ,14-02-2023 14:20, AmusedSoul      , Instagram , #Amusement #FunTimes                         ,18,35, UK           ,2023,2,14,14,Positive
61,63, Enjoying a quiet evening with a book and some tea.      ,14-02-2023 19:45, BookLoverAgain  , Facebook , #Enjoyment #BookTime                         ,25,50, Canada       ,2023,2,14,19,Positive
62,64, Admiring the beauty of nature during a peaceful hike.   ,15-02-2023 11:30, NatureAdmirer   , Twitter  , #Admiration #Nature                         ,20,40, USA       ,2023,2,15,11,Positive
63,65, Sending affectionate vibes to all my followers!          ,15-02-2023 16:00, AffectionSender , Instagram , #Affection #PositiveVibes                   ,15,30,USA,2023,2,15,16,Positive
67,69, Finding acceptance in the midst of life's challenges.   ,16-02-2023 18:20, AcceptanceSeeker, Facebook , #Acceptance #Challenges                     ,15,30, Canada     ,2023,2,16,18,Neutral
71,73, Finding calmness in the midst of a busy day.            ,18-02-2023 09:30, ZenMaster       , Twitter  , #Calmness #PeacefulMind                    ,15,30, India     ,2023,2,18,9,Neutral
72,74, Confusion clouds my mind as I navigate through decisions.,18-02-2023 14:20, ConfusedMind    , Instagram , #Confusion #DecisionMaking                 ,25,50, UK   ,2023,2,18,14,Neutral
73,75, Excitement building up for the upcoming vacation!       ,18-02-2023 18:45, VacationDreamer , Facebook , #Excitement #TravelPlans                   ,22,45, Canada    ,2023,2,18,18,Positive
75,77, Pride in achieving a personal milestone.               ,19-02-2023 16:00, PersonalAchiever, Instagram , #Pride #Milestone                           ,30,60, Australia    ,2023,2,19,16,Positive
77,79, Fuming with anger after a heated argument.            ,20-02-2023 09:30, AngryDebater    , Twitter  , #Anger #Argument                             ,20,40, Canada     ,2023,2,20,9,Negative
78,80, The fear of the unknown is keeping me up at night.    ,20-02-2023 21:15, FearfulDreamer  , Instagram , #Fear #Unknown                               ,15,30, USA          ,2023,2,20,21,Negative
79,81, Heartfelt sadness after bidding farewell to a dear friend. ,21-02-2023 14:45, FarewellHeart   , Facebook , #Sadness #Farewell                          ,25,50, India      ,2023,2,21,14,Negative
80,82, The state of corruption in our society is utterly disgusting. ,21-02-2023 18:20, AntiCorruption  , Twitter  , #Disgust #Corruption                         ,18,35, UK         ,2023,2,21,18,Negative
81,83, Overflowing happiness: welcoming a new family member!  ,22-02-2023 10:00, NewParentJoy    , Instagram , #Happiness #NewFamilyMember                 ,30,60, UK           ,2023,2,22,10,Positive
82,84, Laughter is the key to joy‚Äîattending a stand-up comedy show. ,22-02-2023 19:30, StandUpFan      , Facebook , #Joy #StandUpComedy                         ,22,45, Canada    ,2023,2,22,19,Positive
83,85, Sending love to all my followers on this beautiful day! ‚ù§Ô∏è ,23-02-2023 08:30, LoveSender      , Twitter  , #Love #SpreadLove                            ,15,30, Australia  ,2023,2,23,8,Positive
84,86, Amused by the antics of my pet‚Äîit's pure amusement!      ,23-02-2023 14:20, PetAmuser       , Instagram , #Amusement #PetAntics                       ,18,35, UK           ,2023,2,23,14,Positive
85,87, Enjoying every moment of this trip‚Äîpure enjoyment!      ,23-02-2023 19:45, TravelExplorer  , Facebook , #Enjoyment #Travel                           ,25,50, USA ,2023,2,23,19,Positive
86,88, Admiring the dedication of volunteers at a local charity. ,24-02-2023 11:30, CharityAdmirer  , Twitter  , #Admiration #Volunteers                     ,20,40, USA        ,2023,2,24,11,Positive
87,89, Sending affectionate vibes to friends and family.        ,24-02-2023 16:00, FamilyLover     , Instagram , #Affection #FamilyLove                      ,15,30,USA,2023,2,24,16,Positive
91,93, Embracing acceptance of life's ups and downs.           ,25-02-2023 18:20, LifeAcceptance  , Facebook , #Acceptance #LifeJourney                   ,15,30, Canada     ,2023,2,25,18,Neutral
95,97, Finding calmness amidst the chaos of daily life.        ,27-02-2023 09:30, CalmSoul        , Twitter  , #Calmness #InnerPeace                      ,15,30, India     ,2023,2,27,9,Neutral
96,98, Confusion reigns as I try to make sense of recent events.,27-02-2023 14:20, ConfusedMind2   , Instagram , #Confusion #MakingSense                    ,25,50, UK   ,2023,2,27,14,Neutral
97,99, Excitement building up for a surprise birthday party.   ,27-02-2023 18:45, BirthdayExcite  , Facebook , #Excitement #SurpriseParty                 ,22,45, Canada ,2023,2,27,18,Positive
99,101, Pride in completing a challenging fitness challenge.    ,28-02-2023 16:00, FitAchiever     , Instagram , #Pride #FitnessChallengeCompleted          ,30,60, UK            ,2023,2,28,16,Positive
101,103, Reflecting on the beauty of diversity in our world.     ,01-03-2023 10:45, DiversityLover  , Twitter  , #Acceptance #Diversity                      ,22,45, Australia ,2023,3,1,10,Neutral
102,104, Excitement for a quiet evening with a good book.        ,01-03-2023 13:30, BookwormJoy     , Instagram , #Excitement #BookTime                       ,18,35, USA          ,2023,3,1,13,Positive
104,106, Calmness prevails as I practice mindfulness.            ,02-03-2023 18:00, MindfulMe       , Facebook , #Calmness #Mindfulness                      ,15,30, UK        ,2023,3,2,18,Neutral
105,107, Confusion surrounds me as I navigate through life's choices. ,02-03-2023 13:15, ConfusedMind3   , Instagram , #Confusion #LifeChoices                     ,30,60, USA   ,2023,3,2,13,Neutral
106,108, Excitement for a weekend road trip to explore new places. ,02-03-2023 16:45, RoadTripper2    , Twitter  , #Excitement #WeekendAdventure               ,25,50, India     ,2023,3,2,16,Positive
108,110, Pride in accomplishing personal and professional goals.  ,03-03-2023 14:30, GoalAchiever    , Instagram , #Pride #Accomplishments                     ,12,25, Canada ,2023,3,3,14,Positive
110,112," Revisiting old memories, feeling a sense of elation. ",15-05-2010 15:30, NostalgiaFan    , Twitter  , #Elation #Memories                             ,20,40, Canada    ,2010,5,15,15,Positive
111,113, The victory of our team brought euphoria to the city. ,10-08-2021 21:15, SportsFanatic   , Instagram , #Euphoria #Victory                             ,15,30, USA      ,2021,8,10,21,Positive
113,115," Meditating by the serene lake, finding inner peace.   ",12-02-2022 18:20, ZenMaster2      , Twitter  , #Serenity #Meditation                          ,18,35, UK          ,2022,2,12,18,Positive
114,116, Overflowing with gratitude for life's blessings.      ,25-11-2012 10:00, ThankfulHeart   , Instagram , #Gratitude #Blessed                            ,30,60, Australia   ,2012,11,25,10,Positive
115,117," Hopeful for a brighter tomorrow, despite challenges.  ",05-04-2013 19:30, OptimisticSoul  , Facebook , #Hope #Optimism                                ,22,45, USA      ,2013,4,5,19,Positive
120,122, Enthusiastically diving into a new project.            ,15-06-2018 16:00, ProjectEnthusiast, Instagram , #Enthusiasm #NewProject                       ,15,30, USA  ,2018,6,15,16,Positive
123,125, Elation after a surprise reunion with old friends.    ,02-04-2020 09:30, JoyfulReunion2  , Instagram , #Elation #OldFriends                          ,25,50, Canada      ,2020,4,2,9,Positive
124,126, The euphoria of a live music concert under the stars.  ,19-06-2021 14:45, MusicEnthusiast , Facebook , #Euphoria #LiveMusic                          ,15,30, USA ,2021,6,19,14,Positive
126,128, Serenity found in the pages of a favorite book.        ,22-09-2011 19:30, BookLover3      , Instagram , #Serenity #BookTime                           ,22,45, UK          ,2011,9,22,19,Positive
127,129, Gratitude for the support received during tough times. ,10-03-2012 08:30, SupportiveFriend, Facebook , #Gratitude #Supportive                        ,15,30, India     ,2012,3,10,8,Positive
128,130, Hopeful about the possibilities of a new journey.      ,05-12-2013 16:00, JourneyOptimist , Twitter  , #Hope #NewBeginnings                          ,18,35, Canada    ,2013,12,5,16,Positive
133,135, Enthusiasm for a creative project in the making.       ,15-09-2018 16:00, CreativeSpirit  , Facebook , #Enthusiasm #Creativity                       ,15,30, Canada    ,2018,9,15,16,Positive
136,138, Elation after achieving a personal goal.               ,02-03-2021 09:30, GoalAchiever2   , Facebook , #Elation #PersonalAchievement                ,25,50, USA      ,2021,3,2,9,Positive
137,139, Elation over discovering a hidden gem in the city.   ,18-02-2012 14:30, UrbanExplorer2  , Twitter  , #Elation #HiddenGem                            ,20,40, USA      ,2012,2,18,14,Positive
138,140, The euphoria of a surprise birthday celebration.     ,05-11-2018 21:45, BirthdayJoy     , Instagram , #Euphoria #BirthdaySurprise                   ,15,30, UK   ,2018,11,5,21,Positive
140,142, Serenity found in the melody of a peaceful piano.    ,30-07-2016 18:10, MusicLover4     , Twitter  , #Serenity #PeacefulMelody                    ,18,35, Canada      ,2016,7,30,18,Positive
141,143, Gratitude for the supportive community around me.    ,20-04-2013 10:30, CommunityLove   , Instagram , #Gratitude #CommunitySupport                   ,30,60, USA ,2013,4,20,10,Positive
142,144, Hopeful about the prospects of a new business venture.,08-12-2017 19:15, EntrepreneurHope, Facebook , #Hope #BusinessVenture                        ,22,45, Canada    ,2017,12,8,19,Positive
147,149, Enthusiasm for a new artistic project in the works.  ,17-09-2020 16:30, ArtisticSpirit  , Instagram , #Enthusiasm #ArtisticProject                 ,15,30, USA       ,2020,9,17,16,Positive
150,152, Elation after achieving a fitness milestone.         ,15-06-2019 10:00, FitnessAchiever2, Instagram , #Elation #FitnessMilestone                   ,25,50, UK           ,2019,6,15,10,Positive
151,153, The euphoria of a successful product launch.         ,03-04-2022 11:45, ProductLaunchJoy, Facebook , #Euphoria #ProductLaunchSuccess              ,15,30, USA       ,2022,4,3,11,Positive
153,155, Serenity found in the beauty of a sunset by the sea.  ,22-07-2011 18:30, SunsetWatcher2  , Instagram , #Serenity #SunsetViews                       ,22,45, Canada     ,2011,7,22,18,Positive
154,156, Gratitude for the small joys that each day brings.   ,30-03-2012 11:20, JoyfulHeart2    , Facebook , #Gratitude #SmallJoys                        ,15,30, Australia   ,2012,3,30,11,Positive
155,157, Hopeful about the potential for personal growth.      ,05-10-2013 16:40, GrowthOptimist  , Twitter  , #Hope #PersonalDevelopment                    ,18,35, UK       ,2013,10,5,16,Positive
160,162, Enthusiasm for a DIY home improvement project.       ,15-04-2018 16:00, DIYEnthusiast   , Facebook , #Enthusiasm #HomeImprovement                 ,15,30, Australia   ,2018,4,15,16,Positive
163,165, Elation after a surprise reunion with a childhood friend.,05-02-2021 09:30, ChildhoodJoy    , Facebook , #Elation #FriendshipReunion                  ,25,50, Canada      ,2021,2,5,9,Positive
164,166, Suffering from despair after another setback.      ,10-03-2021 08:30, StrugglingSoul    , Twitter  , #Despair #Struggle                              ,5,10, USA          ,2021,3,10,8,Negative
165,167," Overwhelmed by grief, missing a loved one dearly.  ",05-07-2022 15:45, MourningHeart     , Instagram , #Grief #Loss                                   ,8,15, Canada          ,2022,7,5,15,Negative
166,168, Loneliness creeps in as the night grows colder.    ,18-11-2019 21:20, SolitarySoul      , Facebook , #Loneliness #Isolation                         ,10,20, UK           ,2019,11,18,21,Negative
167,169, Jealousy consumes me as I witness others' success. ,12-08-2020 11:30, EnviousObserver   , Twitter  , #Jealousy #Envy                               ,12,25, India        ,2020,8,12,11,Negative
168,170, Resentment building up over past betrayals.        ,22-05-2018 14:45, BitterHeart       , Instagram , #Resentment #Bitterness                       ,7,15, Australia     ,2018,5,22,14,Negative
169,171, Frustration mounts as obstacles block my path.     ,30-01-2017 16:10, BlockedGoals      , Facebook , #Frustration #Obstacles                       ,10,20, USA          ,2017,1,30,16,Negative
170,172," Boredom sets in, the day feels endlessly dull.     ",28-09-2016 19:45, BoredMind         , Twitter  , #Boredom #LackOfInterest                     ,8,15, Canada        ,2016,9,28,19,Negative
175,177, Regret over missed opportunities haunts my thoughts.,25-08-2017 16:00, RemorsefulSoul   , Facebook , #Regret #MissedChances                       ,12,25, UK           ,2017,8,25,16,Negative
176,178, Disgust at the sight of injustice and cruelty.     ,11-02-2019 09:45, DisgustedHeart   , Twitter  , #Disgust #Injustice                          ,7,15, India        ,2019,2,11,9,Negative
177,179," Drowning in despair, hope slipping through my fingers.",02-04-2016 20:20, HopelessHeart    , Instagram , #Despair #Hopeless                           ,10,20, USA          ,2016,4,2,20,Negative
178,180," Grief weighs heavy, tears a constant companion.    ",18-10-2015 15:30, TearfulSoul      , Facebook , #Grief #Tears                                ,12,25, Canada        ,2015,10,18,15,Negative
179,181," Loneliness in a crowded room, a silent cry for connection.",12-07-2019 18:10, IsolatedMind     , Twitter  , #Loneliness #SeekingConnection              ,15,30, UK            ,2019,7,12,18,Negative
180,182," Jealousy gnaws at my confidence, a toxic emotion.  ",03-06-2018 16:30, SelfDoubt        , Instagram , #Jealousy #Insecurity                       ,8,15, India         ,2018,6,3,16,Negative
181,183," Resentment festers, poisoning relationships.       ",15-01-2022 12:00, BrokenTrust      , Facebook , #Resentment #BrokenTrust                     ,10,20, Australia    ,2022,1,15,12,Negative
182,184," Frustration boils over, a volcanic eruption of emotions.",10-04-2017 14:45, ExplosiveMind    , Twitter  , #Frustration #EmotionalOutburst             ,12,25, USA          ,2017,4,10,14,Negative
183,185," Boredom settles like dust, life feels mundane.     ",28-11-2016 19:00, MundaneHeart     , Instagram , #Boredom #Monotony                          ,7,15, Canada        ,2016,11,28,19,Negative
188,190, Regret for decisions that led to a painful present.,15-12-2018 16:00, RegretfulMind    , Twitter  , #Regret #PastChoices                        ,12,25, USA          ,2018,12,15,16,Negative
189,191, Disgust at the corruption that stains society.     ,01-07-2016 09:45, CorruptedHeart   , Instagram , #Disgust #Corruption                        ,7,15, UK            ,2016,7,1,9,Negative
190,192," Sinking in despair, each day darker than the last. ",20-08-2020 20:20, DrowningSoul     , Facebook , #Despair #DarkDays                          ,10,20, India         ,2020,8,20,20,Negative
191,193," Grief overwhelms, a storm of emotions within.      ",25-02-2021 15:30, StormyHeart      , Twitter  , #Grief #EmotionalStorm                      ,12,25, Canada        ,2021,2,25,15,Negative
192,194," Loneliness echoes in empty spaces, yearning for connection.",12-09-2019 18:10, EchoingSoul     , Instagram , #Loneliness #YearningForConnection         ,15,30, Australia     ,2019,9,12,18,Negative
193,195," Jealousy poisons my thoughts, resentment brewing within.",05-08-2018 16:30, PoisonedMind    , Facebook , #Jealousy #Resentment                       ,8,15, USA           ,2018,8,5,16,Negative
194,196," Resentment festers, a wound that refuses to heal.  ",12-01-2017 12:00, UnforgivingSoul  , Twitter  , #Resentment #Unforgiving                    ,10,20, India         ,2017,1,12,12,Negative
195,197," Frustration escalates, a thunderstorm of emotions. ",05-04-2022 14:45, ThunderingMind   , Instagram , #Frustration #EmotionalOutburst            ,12,25, UK            ,2022,4,5,14,Negative
196,198," Boredom lingers, a stagnant pool of indifference.  ",02-10-2021 19:00, StagnantHeart    , Facebook , #Boredom #Stagnation                        ,7,15, Canada        ,2021,10,2,19,Negative
198,200," Lost in the vast sea of information, an indifferent wave in the digital ocean. ",28-11-2022 17:30, ApatheticObserver , Instagram , #Indifference #DigitalOverload              ,7,15, Canada          ,2022,11,28,17,Neutral
199,201," The complex puzzle of life leaves me in a state of perpetual confusion, seeking answers in the chaos. ",02-04-2020 09:45, SeekingClarity    , Facebook , #Confusion #LifePuzzle                     ,10,20, UK           ,2020,4,2,9,Neutral
200,202," A numbness settles over me, a shield against the overwhelming emotions life throws my way. ",10-08-2021 14:00, EmotionallyDistant , Twitter  , #Numbness #EmotionalShield                 ,8,15, India        ,2021,8,10,14,Neutral
203,205," Torn between conflicting emotions, an ambivalence that paints my decisions in shades of uncertainty. ",30-05-2022 11:30, MixedFeelings     , Twitter  , #Ambivalence #UncertainChoices             ,12,25, Canada        ,2022,5,30,11,Neutral
204,206," Embracing the ebb and flow of life, finding acceptance in the dance of existence. ",10-01-2023 16:20, ZenLifestyle      , Instagram , #Acceptance #LifeJourney                   ,15,30, UK           ,2023,1,10,16,Neutral
206,208," Serenity found in the stillness of nature, a tranquil retreat from the chaos of the modern world. ",03-07-2021 19:00, NatureSoul        , Twitter  , #Serenity #NatureRetreat                   ,12,25, Australia    ,2021,7,3,19,Positive
208,210," Floating through the day with an air of indifference, detached from the mundane happenings around. ",22-03-2023 16:30, AloofObserver     , Facebook , #Indifference #FloatingThroughLife        ,10,20, Canada        ,2023,3,22,16,Neutral
209,211," Entangled in the web of thoughts, confusion reigning as I navigate the labyrinth of ideas. ",15-05-2021 11:45, ThoughtExplorer   , Twitter  , #Confusion #ThoughtLabyrinth              ,15,30, UK            ,2021,5,15,11,Neutral
210,212," Numb to the chaos, emotions locked away, a stoic facade concealing the inner turmoil. ",28-12-2019 14:30, StoicSoul         , Instagram , #Numbness #StoicFacade                    ,8,15, Australia     ,2019,12,28,14,Neutral
213,215," A tapestry of conflicting feelings, weaving through uncertainty, caught in the threads of ambivalence. ",05-01-2022 10:30, ThreadWeaver      , Instagram , #Ambivalence #ConflictingFeelings        ,12,25, UK            ,2022,1,5,10,Neutral
214,216," Embracing the flaws, finding acceptance in imperfection, a journey towards self-love. ",20-08-2021 16:20, SelfLoveAdvocate  , Facebook , #Acceptance #SelfLoveJourney              ,15,30, Australia    ,2021,8,20,16,Neutral
216,218," Tranquil moments by the ocean, serenity washing over, a peaceful retreat within the waves' embrace. ",12-04-2020 19:30, OceanSoul         , Instagram , #Serenity #OceanRetreat                   ,25,50, Canada        ,2020,4,12,19,Positive
218,220," Drifting through the day with a nonchalant demeanor, embracing the art of indifference. ",10-02-2023 17:00, NonchalantSpirit  , Twitter  , #Indifference #DriftingThroughLife       ,9,18, UK            ,2023,2,10,17,Neutral
219,221," Wrestling with thoughts, a perplexed mind lost in the labyrinth of life's complexities. ",05-08-2020 12:15, ComplexThinker    , Instagram , #Confusion #PerplexedMind                ,14,28, Australia    ,2020,8,5,12,Neutral
220,222," Immersed in a state of emotional numbness, a shield against the storm of daily struggles. ",01-12-2021 15:30, ShieldedHeart     , Facebook , #Numbness #EmotionalShield               ,10,20, USA          ,2021,12,1,15,Neutral
223,225," Torn between opposing emotions, an ambivalence that colors my decisions with shades of uncertainty. ",08-07-2022 11:30, DecisiveDilemma   , Facebook , #Ambivalence #ShadesOfUncertainty       ,15,30, Australia    ,2022,7,8,11,Neutral
224,226," Embracing life's imperfections, finding acceptance in the journey, scars and all. ",15-05-2023 16:20, ImperfectHarmony  , Twitter  , #Acceptance #ImperfectJourney            ,18,36, Canada        ,2023,5,15,16,Neutral
226,228," Basking in the serenity of a quiet forest, where the whispers of nature bring peace to the soul. ",28-02-2020 18:30, ForestDreamer     , Facebook , #Serenity #NatureWhispers                ,25,50, USA          ,2020,2,28,18,Positive
227,231," Indifferent to the noise of the world, a silent observer in the midst of life's cacophony. ",10-03-2023 16:30, SilentSpectator   , Instagram , #Indifference #SilentObserver            ,9,18, India         ,2023,3,10,16,Neutral
228,232," Navigating through the labyrinth of thoughts, confusion a constant companion in the maze of ideas. ",02-05-2021 11:45, MazeNavigator     , Facebook , #Confusion #ThoughtLabyrinth              ,14,28, Australia    ,2021,5,2,11,Neutral
229,233," An impenetrable numbness shields me from the emotional storms, a fortress of stoic resilience. ",18-10-2019 14:30, ResilientFortress , Twitter  , #Numbness #StoicResilience               ,11,22, UK            ,2019,10,18,14,Neutral
232,236," Ambivalence clouding decisions, caught in the crossroads of conflicting emotions. ",15-01-2022 10:30, CrossroadsTraveler , Twitter  , #Ambivalence #ConflictingEmotions        ,15,30, India         ,2022,1,15,10,Neutral
233,237," Embracing imperfections, finding acceptance in the mosaic of life's beautiful chaos. ",20-07-2021 16:20, MosaicDreamer     , Instagram , #Acceptance #BeautifulChaos              ,18,36, Australia     ,2021,7,20,16,Neutral
235,239," Seeking serenity in the melody of raindrops, a tranquil escape from the noise of everyday life. ",12-04-2020 19:30, RaindropHarmony   , Twitter  , #Serenity #RaindropMelody                ,25,50, Canada        ,2020,4,12,19,Positive
237,241," Drifting through the day with an air of nonchalance, indifferent to the trivialities of life. ",22-02-2023 17:00, NonchalantWanderer, Facebook , #Indifference #DriftingThroughLife       ,9,18, India         ,2023,2,22,17,Neutral
238,242," Lost in the labyrinth of thoughts, confusion casting shadows on the quest for clarity. ",05-06-2020 12:15, ShadowedSeeker    , Twitter  , #Confusion #LabyrinthOfThoughts          ,14,28, Australia    ,2020,6,5,12,Neutral
239,243," Wrapped in the cloak of emotional numbness, a shield against the storms of life's turbulence. ",30-11-2021 15:30, TurbulentShield   , Instagram , #Numbness #EmotionalStorms               ,10,20, Canada        ,2021,11,30,15,Neutral
242,246," Ambivalence in the air, caught between the crossroads of conflicting emotions and decisions. ",05-08-2022 11:30, CrossroadsExplorer, Instagram , #Ambivalence #CrossroadsConfusion        ,15,30, Canada        ,2022,8,5,11,Neutral
243,247," Embracing the beauty in imperfections, finding acceptance in the mosaic of life's unpredictable art. ",15-06-2023 16:20, MosaicArtist      , Facebook , #Acceptance #UnpredictableArt            ,18,36, Australia    ,2023,6,15,16,Neutral
245,249," Immerse in the serenity of a moonlit night, where the quiet whispers of nature bring peace to the soul. ",12-05-2020 19:30, MoonlitSoul       , Instagram , #Serenity #MoonlitPeace                  ,25,50, USA          ,2020,5,12,19,Positive
247,251,"Wrapped in the cloak of emotional numbness, a shield against the storms of life's turbulence. ",30-11-2021 15:30, TurbulentShield , Instagram , #Numbness #EmotionalStorms ,10,20, Canada ,2021,11,30,15,Neutral
250,254," Gazing towards the horizon with hopeful eyes, painting a canvas of dreams illuminated by the sun of optimism. ",18-04-2022 08:00, DreamPainter , Instagram , #Hopeful #CanvasOfDreams ,12,24, India ,2022,4,18,8,Positive
255,259," Playfully dancing in the rain of laughter, a whimsical spirit twirling in the puddles of joy and lightheartedness. ",08-07-2020 18:00, RainDancer , Facebook , #Playful #DanceInTheRain ,22,44, Canada ,2020,7,8,18,Positive
258,262," Navigating the sea of hope, sailing towards the sunrise of possibilities, confident in the ship of positive anticipation. ",05-10-2023 07:30, SunriseNavigator , Facebook , #Hopeful #SunriseOfPossibilities ,12,24, USA ,2023,10,5,7,Positive
260,264," Lost in the symphony of the night, a moonlit serenade that whispers tales of wanderlust and moonlit dreams. ",08-05-2021 22:00, NightSerenader , Twitter , #Serenity #MoonlitSerenade ,13,26, Canada ,2021,5,8,22,Positive
262,266," In the embrace of the autumn breeze, leaves of ambivalence dancing in a waltz between choices and uncertainties. ",14-09-2019 10:20, BreezeWaltzer , Facebook , #Ambivalence #AutumnWaltz ,14,28, UK ,2019,9,14,10,Neutral
267,271," Embraced by the hopeful dawn, a gardener sowing seeds of optimism, tending to the blooms of a brighter tomorrow. ",17-07-2022 06:15, DawnGardener , Instagram , #Hopeful #SeedsOfOptimism ,14,28, UK ,2022,7,17,6,Positive
268,272," A playful escapade in the carnival of life, carousel laughter and cotton candy dreams swirling in the joyous atmosphere. ",22-08-2018 17:20, CarnivalDreamer , Facebook , #Playful #CarnivalEscapade ,24,48, Australia ,2018,8,22,17,Positive
275,279," Hopeful whispers of wind, carrying the promises of a brighter tomorrow, a symphony of optimism in the air of possibilities. ",06-05-2023 07:20, WindWhisperer , Twitter , #Hopeful #BrighterTomorrows ,15,30, India ,2023,5,6,7,Positive
276,280," Playfully juggling responsibilities, a circus performer balancing the acts of work and joy, tossing laughter into the air. ",18-11-2019 15:15, JugglingArtist , Instagram , #Playful #JugglingResponsibilities ,25,50, USA ,2019,11,18,15,Positive
278,282," Charting a course through the waves of hopeful anticipation, a sailor steering towards the shores of dreams yet unexplored. ",30-10-2022 11:40, WaveNavigator , Twitter , #Hopeful #SailorOfDreams ,17,34, Australia ,2022,10,30,11,Positive
281,285," Embraced by the hopeful dawn, a gardener sowing seeds of optimism, tending to the blooms of a brighter tomorrow. ",17-07-2022 06:15, DawnGardener , Instagram , #Hopeful #SeedsOfOptimism ,14,28, UK ,2022,7,17,6,Positive
282,286," A playful escapade in the carnival of life, carousel laughter and cotton candy dreams swirling in the joyous atmosphere. ",22-08-2018 17:20, CarnivalDreamer , Facebook , #Playful #CarnivalEscapade ,24,48, Australia ,2018,8,22,17,Positive
289,293," Hopeful whispers of wind, carrying the promises of a brighter tomorrow, a symphony of optimism in the air of possibilities. ",06-05-2023 07:20, WindWhisperer , Twitter , #Hopeful #BrighterTomorrows ,15,30, India ,2023,5,6,7,Positive
290,294," Playfully juggling responsibilities, a circus performer balancing the acts of work and joy, tossing laughter into the air. ",18-11-2019 15:15, JugglingArtist , Instagram , #Playful #JugglingResponsibilities ,25,50, USA ,2019,11,18,15,Positive
292,296," Charting a course through the waves of hopeful anticipation, a sailor steering towards the shores of dreams yet unexplored. ",30-10-2022 11:40, WaveNavigator , Twitter , #Hopeful #SailorOfDreams ,17,34, Australia ,2022,10,30,11,Positive
295,299," Embraced by the hopeful dawn, a gardener sowing seeds of optimism, tending to the blooms of a brighter tomorrow. ",17-07-2022 06:15, DawnGardener , Instagram , #Hopeful #SeedsOfOptimism ,14,28, India ,2022,7,17,6,Positive
296,300," A playful escapade in the carnival of life, carousel laughter and cotton candy dreams swirling in the joyous atmosphere. ",22-08-2018 17:20, CarnivalDreamer , Facebook , #Playful #CarnivalEscapade ,24,48, Australia ,2018,8,22,17,Positive
297,301," Drowning in the abyss of despair, a heart shattered into fragments, lost in the echoing silence of hopelessness. ",15-09-2021 16:00, ShatteredHeart , Instagram , #Despair #EchoingSilence ,8,16, Canada ,2021,9,15,16,Negative
299,303," Wandering through the desert of loneliness, each step a heavy sigh, mirages of connection shimmering but never materializing. ",20-07-2017 11:45, DesertWanderer , Twitter , #Loneliness #MiragesOfConnection ,15,30, USA ,2017,7,20,11,Negative
301,305," Eyes wide open in the night, fearful shadows dancing on the walls, the mind a prisoner of imagined horrors. ",12-05-2022 02:00, NightPrisoner , Facebook , #Fearful #ImaginedHorrors ,18,36, India ,2022,5,12,2,Negative
310,314," Loneliness, a silent companion in the night, the only echo in the chamber of solitude, a heart's solitary nocturne. ",19-09-2019 03:30, NocturnalEcho , Facebook , #Loneliness #SolitaryNocturne ,18,36, Australia ,2019,9,19,3,Negative
311,315," Fearful whispers in the dark, the mind haunted by the specter of the unknown, shadows dancing to the rhythm of anxiety's tune. ",14-07-2023 23:00, DarkWhispers , Twitter , #Fearful #SpecterOfTheUnknown ,13,26, UK ,2023,7,14,23,Negative
319,323," Despair like a heavy fog, enveloping every thought, blurring the path ahead, a journey in the labyrinth of utter hopelessness. ",28-02-2022 21:00, FoggyLabyrinth , Facebook , #Despair #LabyrinthOfHopelessness ,8,16, Canada ,2022,2,28,21,Negative
321,325," Loneliness, a solitary moon in a starless sky, casting a cold glow on the landscape of isolation, where echoes bounce in empty spaces. ",01-12-2017 18:50, SolitaryMoon , Instagram , #Loneliness #StarlessSky ,18,36, USA ,2017,12,1,18,Negative
323,327," Fearful eyes scanning the shadows, a prisoner of the night, terrorized by the lurking monsters born from the mind's darkest corners. ",07-01-2023 03:30, NightPrisoner , Twitter , #Fearful #LurkingMonsters ,18,36, India ,2023,1,7,3,Negative
332,336," Loneliness, a silent companion in the night, the only echo in the chamber of solitude, a heart's solitary nocturne. ",19-09-2019 03:30, NocturnalEcho , Facebook , #Loneliness #SolitaryNocturne ,18,36, Australia ,2019,9,19,3,Negative
337,341,Calmness found in the rhythm of raindrops on the windowpane.   ,08-11-2017 21:20, RainWatcher    , Twitter  , #Calmness #RainyDays                        ,18,35, Australia          ,2017,11,8,21,Neutral
339,343,Excitement builds as the countdown to a long-awaited vacation begins. ,10-01-2023 12:00, VacationDreamer , Instagram , #Excitement #VacationCountdown        ,30,60, France            ,2023,1,10,12,Positive
340,344,"Reflecting on life's journey, grateful for the lessons learned. ",05-12-2018 08:45, LifeLearner   , Twitter  , #Gratitude #LifeLessons                    ,35,70, Brazil            ,2018,12,5,8,Positive
343,347,Admiration for the intricate details of a handcrafted masterpiece. ,20-08-2019 16:00, CraftEnthusiast , Instagram , #Admiration #HandcraftedArt               ,25,50, USA               ,2019,8,20,16,Positive
344,348,Overjoyed by the warmth of a cozy fireplace on a winter evening.   ,08-12-2021 19:30, WinterLover     , Twitter  , #Overjoyed #WinterWarmth                  ,18,35, Canada            ,2021,12,8,19,Positive
345,349,Inspiration strikes while observing the colors of a vibrant sunset.,10-06-2020 20:45, SunsetWatcher   , Instagram , #Inspiration #ColorfulSunset             ,30,60, UK                ,2020,6,10,20,Positive
347,351,Gratitude for the simple joys found in a cup of morning coffee.    ,15-04-2017 08:00, CoffeeLover     , Twitter  , #Gratitude #MorningCoffee                 ,22,45, India             ,2017,4,15,8,Positive
349,353,Amused by the antics of playful kittens during playtime.           ,22-10-2022 12:45, KittyObserver   , Facebook , #Amusement #PlayfulKittens               ,15,30, Canada            ,2022,10,22,12,Positive
350,354,Contemplating life's mysteries under the starry night sky.         ,02-07-2016 23:30, Stargazer       , Twitter  , #Contemplation #StarryNight               ,28,55, UK                ,2016,7,2,23,Neutral
351,355,Joyful reunion with long-lost friends after years of separation.   ,18-11-2020 17:10, FriendshipRenewal , Instagram , #JoyfulReunion #Friendship               ,20,40, India             ,2020,11,18,17,Positive
352,356,Excitement builds while preparing for a surprise celebration.     ,05-03-2023 15:00, CelebrationPlanner , Facebook , #Excitement #SurpriseCelebration         ,30,60, Australia          ,2023,3,5,15,Positive
353,357,Satisfaction derived from successfully completing a DIY project.  ,01-12-2015 11:30, DIYEnthusiast   , Twitter  , #Satisfaction #DIYProject                 ,25,50, USA               ,2015,12,1,11,Positive
354,358,Feeling blessed for the supportive community in times of need.    ,10-09-2021 09:45, CommunityHelper , Instagram , #Blessed #SupportiveCommunity            ,18,35, UK                ,2021,9,10,9,Positive
355,359,Captivated by the serenity of a tranquil garden in full bloom.     ,12-05-2018 14:20, GardenEnthusiast , Facebook , #Serenity #TranquilGarden                ,22,45, Canada            ,2018,5,12,14,Positive
357,361,Reflecting on personal growth achieved through life experiences.  ,08-03-2019 18:30, GrowthSeeker    , Instagram , #Reflection #PersonalGrowth              ,35,70, USA               ,2019,3,8,18,Neutral
360,364,Confidence soars after overcoming public speaking anxiety.       ,02-04-2020 17:30, PublicSpeaker   , Instagram , #Confidence #OvercomingAnxiety          ,15,30, USA               ,2020,4,2,17,Positive
362,366,Enthusiasm for learning new skills and expanding knowledge.      ,07-08-2018 12:15, LifelongLearner , Twitter  , #Enthusiasm #SkillBuilding               ,30,60, India             ,2018,8,7,12,Positive
365,369,Wonderment at the beauty of a double rainbow after the rain.     ,12-06-2017 18:20, RainbowChaser   , Twitter  , #Wonderment #DoubleRainbow               ,35,70, USA               ,2017,6,12,18,Positive
367,371,Pride in achieving a personal milestone in career progression.   ,15-04-2016 14:50, CareerAchiever  , Facebook , #Pride #CareerMilestone                  ,28,55, UK                ,2016,4,15,14,Positive
368,372,Happiness blooms like flowers in a garden on a sunny day.        ,10-02-2020 11:15, SunnyDayEnthusiast , Twitter  , #Happiness #SunnyDay                      ,15,30, India             ,2020,2,10,11,Positive
369,373,Elation over discovering a rare book in a quaint bookstore.      ,22-09-2018 16:30, Bookworm        , Instagram , #Elation #RareBookDiscovery              ,40,80, USA               ,2018,9,22,16,Positive
373,377,Giggles and joy echo in the air during a children's playdate.      ,15-12-2020 15:45, PlayfulParent   , Facebook , #PlayfulJoy #ChildrensPlaydate           ,22,45, Japan            ,2020,12,15,15,Positive
383,387,A sense of wonder at the vastness of the cosmos on a stargazing night. ,08-07-2018 23:00, CosmosExplorer  , Instagram , #Wonder #StargazingAdventure            ,40,80, South Africa    ,2018,7,8,23,Positive
385,389,Whispers of inspiration from the rustling leaves in a serene forest. ,15-11-2016 11:45, ForestDreamer   , Facebook , #Inspiration #ForestWhispers            ,28,55, Portugal        ,2016,11,15,11,Positive
387,391,Heartfelt gratitude for the laughter shared during a family reunion. ,28-12-2017 19:15, FamilyGatherer , Facebook , #Gratitude #FamilyLaughter              ,22,45, Austria         ,2017,12,28,19,Positive
389,393,Euphoria floods in as the final puzzle piece clicks into place.       ,08-06-2022 15:30, PuzzleSolver    , Instagram , #Euphoria #PuzzleCompletion            ,20,40, Denmark         ,2022,6,8,15,Positive
393,397,Joyful laughter resonates through a lively summer carnival.         ,15-12-2020 15:45, CarnivalGoer    , Facebook , #FestiveJoy #SummerCarnival             ,22,45, Japan            ,2020,12,15,15,Positive
395,399,Soaring like a free spirit on the winds of a coastal cliff.        ,28-02-2021 13:00, CoastalExplorer , Twitter  , #Freedom #CoastalAdventure              ,30,60, Australia         ,2021,2,28,13,Positive
398,402,Reflective contemplation amid the ruins of a forgotten era.        ,18-04-2023 17:10, RuinsExplorer   , Twitter  , #Reflection #ForgottenEra               ,18,35, Greece           ,2023,4,18,17,Neutral
403,407,Awe-inspired by the vastness of the cosmos on a stargazing night.   ,08-07-2018 23:00, CosmosExplorer  , Instagram , #Wonder #StargazingAdventure            ,40,80, South Africa    ,2018,7,8,23,Positive
405,409,Whispers of inspiration from the rustling leaves in a serene forest. ,15-11-2016 11:45, ForestDreamer   , Facebook , #Inspiration #ForestWhispers            ,28,55, Portugal        ,2016,11,15,11,Positive
407,411,Heartfelt gratitude for the laughter shared during a family reunion. ,28-12-2017 19:15, FamilyGatherer , Facebook , #Gratitude #FamilyLaughter              ,22,45, Austria         ,2017,12,28,19,Positive
409,413,Euphoria floods in as the final puzzle piece fits perfectly.       ,08-06-2022 15:30, PuzzleSolver    , Instagram , #Euphoria #PerfectPuzzle               ,20,40, Denmark         ,2022,6,8,15,Positive
412,416,Giddy with excitement as the first snowflakes dance from the sky. ,02-12-2020 17:30, SnowfallEnthusiast , Twitter  , #Excitement #SnowfallMagic             ,22,45, Canada         ,2020,12,2,17,Positive
418,422,Imbued with gratitude for the simple pleasure of a warm cup of tea. ,15-02-2023 08:30, TeaEnthusiast  , Twitter  , #Gratitude #WarmTea                    ,18,35, Japan           ,2023,2,15,8,Positive
420,424,Awash with serenity as the sun sets over a tranquil lakeside retreat. ,20-11-2020 18:45, LakesideRetreater , Facebook , #Serenity #TranquilSunset              ,28,55, Germany       ,2020,11,20,18,Positive
421,425,Drowning in sorrow as memories of lost love resurface.            ,05-08-2019 21:00, LostInLove      , Instagram , #Heartbreak #LostLove                    ,15,30, USA             ,2019,8,5,21,Negative
422,426,Numbness sets in as the weight of loneliness grows heavier.       ,12-02-2021 16:45, SolitudeSeeker , Twitter  , #Loneliness #HeavyHeart                  ,18,35, Canada          ,2021,2,12,16,Negative
423,427,"Tears fall like raindrops, mourning the end of a cherished friendship. ",28-11-2020 14:20, FriendshipsEnd  , Facebook , #Grief #LostFriendship                  ,22,45, UK              ,2020,11,28,14,Negative
424,428,"Despair clouds the mind, feeling adrift in an endless sea of darkness. ",15-05-2016 22:30, LostInDarkness  , Instagram , #Despair #EndlessDarkness               ,28,55, Australia        ,2016,5,15,22,Negative
425,429,"Shattered by betrayal, trust crumbles like fragile glass.          ",10-09-2018 13:15, BrokenTrust     , Twitter  , #Betrayal #ShatteredTrust               ,22,45, Germany         ,2018,9,10,13,Negative
426,430,"Aching heart, the symphony of pain plays in the silence of solitude. ",20-03-2022 19:30, SilentSufferer  , Facebook , #Suffering #HeartacheSymphony          ,25,50, Brazil          ,2022,3,20,19,Negative
428,432,"Haunted by regrets, the ghost of the past lingers relentlessly.   ",15-12-2018 10:00, LingeringGhost  , Twitter  , #Regret #HauntedPast                    ,18,35, France         ,2018,12,15,10,Negative
429,433,"Torn apart by grief, the echoes of loss reverberate through the soul. ",28-06-2015 21:15, EchoesOfLoss    , Facebook , #Grief #TornApart                       ,28,55, Italy         ,2015,6,28,21,Negative
430,434,"Isolation deepens, an emotional winter where warmth is but a distant memory. ",02-04-2020 14:20, WinterOfEmotions , Instagram , #Isolation #EmotionalWinter            ,35,70, Japan       ,2020,4,2,14,Negative
432,436,"Painful echoes of a love once cherished, now lost in the abyss of time. ",22-11-2016 09:45, AbyssOfTime     , Facebook , #LostLove #PainfulEchoes               ,22,45, Netherlands  ,2016,11,22,9,Positive
433,437,"Heartache deepens, a solitary journey through the abyss of despair. ",18-08-2022 22:00, SolitaryDescent , Instagram , #Despair #AbyssOfHeartache             ,40,80, South Africa ,2022,8,18,22,Negative
437,441,"Sorrowful echoes, a symphony of pain played by the strings of loss. ",22-05-2018 20:45, StringsOfSorrow , Twitter  , #Sorrow #SymphonyOfLoss                ,18,35, Germany     ,2018,5,22,20,Negative
439,443,"Desperation whispers, the silent plea for a glimmer of hope in the abyss. ",30-04-2019 14:00, WhisperedDespair , Instagram , #Desperation #GlimmerOfHope            ,22,45, France    ,2019,4,30,14,Negative
442,446,"Avoiding the thorns of regret, walking barefoot on the path of remorse. ",18-04-2022 11:30, RemorseWalker , Instagram , #Regret #PathOfRemorse ,25,50, Canada ,2022,4,18,11,Negative
443,447,"In the labyrinth of grief, the walls echo with the footsteps of lost joy. ",05-12-2018 21:45, JoyLabyrinth , Facebook , #Grief #LostJoyFootsteps ,18,35, USA ,2018,12,5,21,Negative
444,448,"A soul adrift in the sea of solitude, waves of loneliness crashing relentlessly. ",28-06-2016 14:20, SolitudeSeas , Twitter , #Loneliness #CrashingWaves ,22,45, UK ,2016,6,28,14,Negative
447,451,"Sinking like a stone in the ocean of heartbreak, each ripple a sigh of despair. ",10-08-2017 19:30, OceanSinker , Twitter , #Heartbreak #RippleOfDespair ,22,45, France ,2017,8,10,19,Negative
448,452,"Tears, the ink staining the pages of a journal, a testament to silent grief. ",28-01-2023 14:30, InkJournalist , Instagram , #Grief #SilentTears ,30,60, India ,2023,1,28,14,Negative
449,453,"In the wasteland of lost trust, the echoes of broken promises reverberate. ",12-12-2016 10:00, TrustWasteland , Facebook , #Betrayal #ReverberatingPromises ,25,50, Italy ,2016,12,12,10,Negative
451,455,"Suffocating in the silence of solitude, where echoes of laughter once thrived. ",20-05-2022 20:30, EchoedLaughter , Instagram , #Isolation #SilentSolitude ,30,60, South Africa ,2022,5,20,20,Negative
452,456,"Haunted by the specter of lost possibilities, a ghost that refuses to fade away. ",08-11-2019 14:45, PossibilityGhost , Twitter , #Regret #FadingPossibilities ,18,35, Spain ,2019,11,8,14,Negative
453,457,"In the labyrinth of despair, the echoes of a broken heart reverberate endlessly. ",28-03-2017 22:00, EndlessLabyrinth , Facebook , #Despair #EndlessReverberation ,28,55, Australia ,2017,3,28,22,Negative
454,458,"Sinking like autumn leaves in the river of sorrow, carried away by the current. ",15-09-2020 18:15, RiverOfSorrow , Instagram , #Sorrow #AutumnLeaves ,22,45, Canada ,2020,9,15,18,Negative
456,460,"Tears, the currency of grief, spent in the marketplace of lost love and longing. ",22-12-2016 21:45, CurrencyOfTears , Facebook , #Grief #LostLoveLonging ,25,50, USA ,2016,12,22,21,Negative
457,461,"Wandering in the maze of betrayal, the walls closing in with every wrong turn. ",05-01-2021 16:20, MazeWanderer , Instagram , #Betrayal #ClosingWalls ,15,30, Germany ,2021,1,5,16,Negative
458,462,"A soul weathered by the storm of heartbreak, seeking refuge in the calm after. ",18-04-2019 11:00, StormSeeker , Twitter , #Heartbreak #CalmAfterStorm ,22,45, Brazil ,2019,4,18,11,Negative
459,463,"In the tapestry of despair, threads of hope unravel, leaving a portrait of sorrow. ",28-08-2017 19:30, TapestrySorrow , Facebook , #Despair #UnraveledHope ,18,35, India ,2017,8,28,19,Negative
460,464,"Like a withered rose in the garden of love, petals fall, a silent surrender to time. ",10-02-2023 14:30, WitheredRose , Instagram , #Loss #SilentSurrender ,28,55, France ,2023,2,10,14,Negative
463,467,"In the symphony of grief, each tear is a note, composing a melancholic melody. ",28-11-2018 14:00, SymphonyOfTears , Facebook , #Grief #MelancholicMelody ,22,45, Germany ,2018,11,28,14,Negative
464,468,"Betrayal, a venomous serpent slithering through the garden of trust, poisoning roots. ",02-03-2021 17:45, VenomousGarden , Instagram , #Betrayal #PoisonedTrust ,25,50, Canada ,2021,3,2,17,Negative
465,469,"Sinking in the quicksand of despair, the harder you fight, the deeper you descend. ",18-10-2016 19:30, QuicksandFighter , Twitter , #Despair #DeepDescent ,20,40, USA ,2016,10,18,19,Negative
467,471,"Swept away by the river of regret, the currents of the past refusing to release. ",28-04-2017 16:20, RegretRiver , Instagram , #Regret #PastCurrents ,18,35, UK ,2017,4,28,16,Negative
468,472,"Whispers of lost love linger in the attic of the heart, forgotten but not erased. ",10-09-2019 21:00, HeartAttic , Twitter , #Loss #ForgottenLove ,22,45, Australia ,2019,9,10,21,Negative
469,473,"In the gallery of broken promises, each shattered vow framed, a painful exhibition. ",28-01-2022 13:45, PromiseGallery , Facebook , #Betrayal #ShatteredVows ,15,30, Brazil ,2022,1,28,13,Negative
471,475,"Dancing on sunshine, each step a celebration of the joy found in simple moments. ",20-08-2021 15:45, SunshineDancer , Instagram , #Joy #SimpleMoments ,40,80, USA ,2021,8,20,15,Positive
472,476,"Laughter echoes in the air, a chorus of happiness that lifts the spirit higher. ",12-04-2018 18:30, EchoedLaughter , Twitter , #Happiness #SpiritLifter ,35,70, Canada ,2018,4,12,18,Positive
474,478,"Chasing dreams under the vibrant sky, a journey fueled by hope and enthusiasm. ",28-10-2019 14:15, DreamChaser , Instagram , #Enthusiasm #HopefulJourney ,30,60, Australia ,2019,10,28,14,Positive
475,479,"Serenading the stars with a heart full of gratitude, a melody of thankfulness. ",22-12-2017 21:00, StarSerenader , Twitter , #Gratitude #ThankfulMelody ,22,45, India ,2017,12,22,21,Positive
478,482,"Overflowing with joy, a cup of laughter shared with friends, a moment cherished. ",10-03-2023 14:30, LaughterCup , Twitter , #Joy #CherishedMoment ,20,40, Japan ,2023,3,10,14,Positive
481,485,"In the embrace of love, each heartbeat is a melody, dancing to the rhythm of affection. ",15-11-2022 20:45, MelodyOfLove , Twitter , #Love #RhythmOfAffection ,35,70, USA ,2022,11,15,20,Positive
482,486,"Surrounded by the colors of joy, a canvas painted with laughter and endless smiles. ",02-07-2019 17:00, ColorfulLaughter , Instagram , #Joy #EndlessSmiles ,40,80, Canada ,2019,7,2,17,Positive
483,487,"In the symphony of excitement, each note is a burst of energy, igniting the soul with fervor. ",18-04-2021 14:20, SymphonyFervor , Facebook , #Excitement #IgnitedSoul ,30,60, UK ,2021,4,18,14,Positive
486,490,"Floating on clouds of gratitude, each raindrop a blessing, a shower of thankfulness. ",10-12-2016 21:15, CloudsOfBlessings , Facebook , #Gratitude #ShowerOfThankfulness ,28,55, Germany ,2016,12,10,21,Positive
487,491,"Like a comet of inspiration, streaking through the sky of creativity, leaving trails of brilliance. ",28-05-2020 16:00, CometCreativity , Twitter , #Inspiration #BrilliantTrails ,18,35, France ,2020,5,28,16,Positive
488,492,"In the celebration of success, fireworks of accomplishment light up the night sky of triumph. ",15-11-2017 22:30, FireworksTriumph , Instagram , #Success #NightSkyTriumph ,22,45, Japan ,2017,11,15,22,Positive
489,493,"A symphony of laughter, each note a key to unlocking the door of boundless happiness. ",02-08-2021 19:00, LaughterSymphony , Facebook , #Happiness #BoundlessLaughter ,30,60, Brazil ,2021,8,2,19,Positive
491,495,"Standing before the grandeur of the Eiffel Tower, a moment to reflect on the beauty of Parisian dreams. ",12-05-2018 17:30, ParisDreamer , Twitter , #Reflection #ParisianDreams ,28,55, France ,2018,5,12,17,Neutral
493,497,"Exploring the wonders of Ferrari World, the roar of engines creating a symphony of speed. ",10-11-2019 14:00, FerrariSpeedster , Facebook , #Excitement #SymphonyOfSpeed ,22,45, Italy ,2019,11,10,14,Positive
494,498,"Amidst the tulip fields of Keukenhof, a tapestry of colors that paints the soul with springtime joy. ",02-04-2021 18:20, KeukenhofAdventurer , Instagram , #Joy #SpringtimeColors ,35,70, Netherlands ,2021,4,2,18,Positive
497,501,"Journeying through the serenity of Santorini, where each sunset paints the sky with hues of tranquility. ",10-09-2016 19:15, SantoriniTraveler , Facebook , #Serenity #SunsetHues ,22,45, Greece ,2016,9,10,19,Positive
501,505,"In the heart of New York City, Times Square dazzles with lights, a vibrant spectacle of urban energy. ",20-07-2022 21:45, TimesSquareExplorer , Instagram , #Excitement #UrbanEnergy ,35,70, USA ,2022,7,20,21,Positive
503,507,"Sailing the azure waters of the Maldives, each wave a whisper of serenity in paradise. ",28-10-2019 14:15, MaldivesSailor , Facebook , #Serenity #ParadiseWhispers ,22,45, Maldives ,2019,10,28,14,Positive
504,508,"In the midst of the Amazon rainforest, a symphony of wildlife creates an orchestra of nature's wonders. ",10-06-2021 16:00, AmazonExplorer , Instagram , #Wonder #NatureOrchestra ,30,60, Brazil ,2021,6,10,16,Positive
515,519,"Swaying to Ed Sheeran's acoustic melodies, a serene evening filled with 'Perfect' moments. ",18-08-2020 19:00, SheeranMelodyLover , Twitter , #Serenity #EdSheeranConcert ,18,35, UK ,2020,8,18,19,Positive
516,520,"Immersed in the pulsating beats of a Bruno Mars concert, where 'Uptown Funk' becomes a city of joy. ",28-03-2017 20:30, MarsJoyExplorer , Facebook , #Joy #BrunoMars ,28,55, USA ,2017,3,28,20,Positive
520,524,"Experiencing the magic of a Coldplay concert, where 'Fix You' becomes a beacon of hope in the night. ",28-11-2016 19:00, ColdplayHopeSeeker , Instagram , #Hope #ColdplayMagic ,30,60, UK ,2016,11,28,19,Positive
521,525,"At a Justin Bieber concert, the infectious beats of 'Baby' create a dance floor of unbridled enthusiasm. ",05-08-2018 20:00, BieberDanceEnthusiast , Instagram , #Enthusiasm #JustinBieber ,40,80, Canada ,2018,8,5,20,Positive
525,529,"In the audience of a Jay-Z performance, the lyrics of 'Empire State of Mind' become an anthem of pride. ",10-09-2017 20:15, JayZEmpireListener , Twitter , #Pride #JayZAnthem ,18,35, USA ,2017,9,10,20,Positive
529,533,"In the crowd of an Ariana Grande concert, the high notes of 'Into You' create a euphoric symphony. ",22-01-2023 20:00, ArianaEuphoriaChaser , Facebook , #Euphoria #ArianaGrande ,35,70, USA ,2023,1,22,20,Positive
531,535,"Captivated by the spellbinding plot twists, the audience applauds, experiencing a rollercoaster of emotions at the movie premiere. ",12-10-2018 20:00, MovieEnthusiastPremiereAttendee , Twitter , #Excitement #MoviePremiereThrills ,40,80, USA ,2018,10,12,20,Positive
534,538,"At the film festival, the indie filmmaker's creation receives a standing ovation, evoking pride and a sense of accomplishment. ",18-09-2017 21:45, IndieFilmmakerFestivalSuccess , Twitter , #Pride #IndieFilmSuccess ,22,45, Australia ,2017,9,18,21,Positive
536,540,"At the Oscars, the actor graciously accepts an award, radiating joy and gratitude for the recognition of their outstanding performance. ",28-02-2016 20:30, AwardWinningActorOscarsRecipient , Facebook , #Gratitude #OscarWinningMoment ,18,35, USA ,2016,2,28,20,Positive
537,541,"Discovering a hidden gem in the world of documentaries, the viewer is enlightened and inspired, feeling a renewed sense of curiosity. ",20-04-2022 17:30, DocumentaryEnthusiastHiddenGemFinder , Twitter , #Inspiration #HiddenGemDiscovery ,22,45, France ,2022,4,20,17,Positive
538,542,"As the movie credits roll, the viewer experiences a mix of awe and contemplation, pondering the deeper meanings woven into the storyline. ",05-11-2019 21:15, FilmBuffContemplativeViewer , Instagram , #Contemplation #DeepMeanings ,28,55, Germany ,2019,11,5,21,Neutral
540,544,"As the closing scene unfolds, a sense of satisfaction washes over, completing the cinematic journey with a profound and fulfilling ending. ",10-09-2020 19:45, FilmCriticSatisfactionSeeker , Twitter , #Satisfaction #FulfillingEnding ,22,45, Brazil ,2020,9,10,19,Positive
541,545,"Celebrating a historic victory in the World Cup, the nation erupts in joy, united by the triumph of their football team. ",15-07-2018 21:30, FootballFanWorldCupCelebration , Instagram , #Joy #WorldCupTriumph ,40,80, Brazil ,2018,7,15,21,Positive
542,546,"At the Olympics, the athlete's perseverance shines through, earning a gold medal and inspiring a generation with their remarkable achievement. ",08-08-2020 19:45, OlympicsEnthusiastGoldMedalWinner , Twitter , #Inspiration #OlympicAchievement ,35,70, USA ,2020,8,8,19,Positive
543,547,"In the cricket championship, a nail-biting finish leaves fans on the edge of their seats, experiencing a rollercoaster of emotions. ",25-06-2019 22:15, CricketFanChampionshipThrills , Facebook , #Excitement #CricketChampionship ,30,60, India ,2019,6,25,22,Positive
544,548,"Witnessing a record-breaking marathon, spectators are filled with awe and admiration for the endurance and dedication of the runners. ",07-11-2021 17:30, MarathonSpectatorRecordBreaking , Instagram , #Admiration #MarathonRecords ,22,45, Kenya ,2021,11,7,17,Positive
552,556,"In the tennis tournament, a highly anticipated player experiences a setback, leaving fans in shock and questioning the unforeseen turn of events. ",10-07-2018 21:15, TennisEnthusiastUnexpectedSetback , Instagram , #Frustration #TennisSetback ,35,70, USA ,2018,7,10,21,Negative
553,557,"Facing a defeat in the championship, the boxer reflects on the challenges, vowing to return stronger and more determined in the next bout. ",18-09-2020 19:30, BoxingFanChampionshipDefeat , Facebook , #Reflection #BoxingDefeat ,30,60, UK ,2020,9,18,19,Neutral
560,564,"In the midst of a soccer match, an unexpected own goal creates a moment of despair for the player, as teammates console and encourage them. ",15-12-2018 20:15, SoccerPlayerOwnGoalMoment , Twitter , #Despair #OwnGoal ,22,45, Spain ,2018,12,15,20,Negative
567,571,"Embracing the aroma of freshly baked bread, the home chef finds joy in the art of baking, creating delicious memories for loved ones. ",10-04-2023 17:15, HomeBakerDeliciousMemories , Instagram , #JoyInBaking #HomemadeDelights ,22,45, India ,2023,4,10,17,Positive
576,580,"At the astronomy observatory, the stargazer marvels at the vastness of the cosmos, contemplating the mysteries hidden within the celestial expanse. ",22-09-2016 20:00, AstronomyEnthusiastStargazing , Facebook , #CelestialWonder #Stargazing ,18,35, USA ,2016,9,22,20,Positive
577,581,"Engulfed in the aroma of freshly brewed coffee, the writer finds inspiration in every sip, embarking on a journey of creativity and prose. ",12-02-2023 19:45, CoffeeLoverWritersRetreat , Twitter , #CreativeInspiration #CoffeeJourney ,22,45, France ,2023,2,12,19,Positive
579,583,"As the waves crash against the shore, the surfer embraces the thrill of riding the ocean's energy, capturing the essence of freedom in each wave. ",20-07-2021 18:15, SurfingEnthusiastWaveRider , Facebook , #OceansFreedom #SurfingThrills ,22,45, Brazil ,2021,7,20,18,Positive
581,585,Successfully avoided eye contact with my crush in the hallway. Mission accomplished. #TeenCrush #StealthMode ,20-05-2023 19:45, CrushAvoider , Twitter , #CrushStruggles #AvoidingEyeContact ,15,30, USA,2023,5,20,19,Positive
582,586,Ran out of snacks during a movie marathon. Crisis level: Emergency! #MovieNightStruggles #TeenProblems ,21-05-2023 21:00, MovieBuff , Instagram , #SnackCrisis #TeenLife ,18,35, Canada,2023,5,21,21,Negative
583,587,Spent an hour choosing the perfect filter for a selfie. The struggle for that Instagram aesthetic is real. #SelfieQueen #TeenVibes ,22-05-2023 14:30, SelfieAddict , Facebook , #SelfieStruggle #TeenConfessions ,22,45, UK,2023,5,22,14,Positive
584,588,Lost my headphones again. How do they vanish into thin air? #HeadphoneMystery #TeenLife ,23-05-2023 16:45, AudioExplorer , Twitter , #TeenProblems #LostHeadphones ,20,40, USA,2023,5,23,16,Negative
586,590,"Got dressed for the day, then remembered it's Saturday. Oops. #WeekendVibes #TeenStruggles ",25-05-2023 19:00, FashionBlunder , Facebook , #WeekendOops #TeenFashion ,20,40, USA,2023,5,25,19,Neutral
587,591,Survived a group project without any drama. Miracles do happen. #GroupProjectSuccess #TeenAchievements ,26-05-2023 14:20, GroupGenius , Twitter , #TeenSuccess #ProjectMiracle ,28,55, UK,2023,5,26,14,Positive
588,592,"Entered the kitchen with the intention to cook. Left with a bag of chips. Cooking is overrated, anyway. #MasterChefInTraining #TeenHumor ",27-05-2023 21:15, ChipExplorer , Instagram , #TeenChef #CookingFail ,22,45, Canada,2023,5,27,21,Negative
590,594,"Discovered a new book series and spent the whole night reading. Who needs sleep, anyway? #BookwormLife #LateNightReading ",29-05-2023 23:30, NightReader , Twitter , #BookDiscoveries #TeenReading ,30,60, UK,2023,5,29,23,Positive
591,595,"Bought a new video game, played for hours, forgot to eat. The ultimate gaming session. #GamerLife #NoFoodGaming ",30-05-2023 20:45, GamingEnthusiast , Instagram , #GameOn #TeenGamer ,22,45, USA,2023,5,30,20,Positive
592,596,Spent the day binge-watching a new series. Productivity level: Zero. #LazyDay #TVSeriesMarathon ,31-05-2023 15:30, LazyWatcher , Facebook , #BingeWatchDay #TeenLife ,35,70, Canada,2023,5,31,15,Positive
593,597,Caught up on the latest fashion trends and now planning a shopping spree. #Fashionista #TrendyTeen ,01-06-2023 18:00, TrendExplorer , Twitter , #FashionGoals #TeenStyle ,20,40, USA,2023,6,1,18,Positive
594,598,Decided to learn a new instrument. Day one: Still trying to figure out how to hold it. #MusicNovice #LearningJourney ,02-06-2023 14:30, MusicalExplorer , Instagram , #InstrumentLearning #TeenMusic ,28,55, UK,2023,6,2,14,Negative
595,599,Spent hours creating the perfect playlist for every mood. Music is my therapy. #PlaylistMaker #TeenMusicLover ,03-06-2023 21:15, MusicAficionado , Facebook , #MusicTherapy #TeenPlaylist ,22,45, Canada,2023,6,3,21,Positive
596,600,Successfully cooked a gourmet meal for the family. Chef skills unlocked! #ChefMode #TeenChef ,04-06-2023 19:30, HomeChef , Twitter , #CookingSuccess #TeenCook ,25,50, USA,2023,6,4,19,Positive
597,601,Spontaneously booked a weekend getaway. Adventure awaits! #TravelBug #WeekendEscape ,05-06-2023 10:00, AdventureSeeker , Instagram , #GetawayGoals #TeenTravel ,18,35, UK,2023,6,5,10,Positive
598,602,Attended a concert and danced the night away. Music is the heartbeat of life. #ConcertVibes #DanceAllNight ,06-06-2023 22:30, DanceEnthusiast , Facebook , #MusicMagic #TeenConcert ,28,55, Canada,2023,6,6,22,Positive
599,603,Rediscovered childhood cartoons and had a nostalgia-filled marathon. #CartoonNostalgia #TeenMemories ,07-06-2023 12:45, NostalgiaExplorer , Twitter , #ChildhoodMemories #TeenCartoons ,22,45, USA,2023,6,7,12,Positive
600,604,Embarked on a DIY home decor project. Let's hope it turns out better than last time. #DIYAdventure #TeenHomeDecor ,08-06-2023 16:00, HomeDecorator , Instagram , #DIYGoals #TeenCreative ,35,70, UK,2023,6,8,16,Positive
604,608,"Reflecting on a lifetime of memories, each wrinkle tells a story. Embracing the beauty of aging. #LifeReflections #BeautyInAging ",12-06-2023 18:00, WiseSoul , Twitter , #AgingGracefully #Memories ,28,55, UK,2023,6,12,18,Positive
608,612,"Attended a classical music concert, feeling the timeless melodies resonate. Music transcends generations. #ClassicalMusic #TimelessMelodies ",16-06-2023 21:45, MusicConnoisseur , Facebook , #MusicLover #SeniorConcert ,18,35, Canada,2023,6,16,21,Positive
609,613,Capturing the beauty of nature through photography. Every snapshot is a treasure. #NaturePhotography #SeniorPhotographer ,17-06-2023 15:00, PhotographySenior , Instagram , #NatureCapture #SeniorMoments ,35,70, USA,2023,6,17,15,Positive
611,615,"Embarked on a road trip to revisit cherished places from the past. Nostalgia, the ultimate travel companion. #RoadTrip #NostalgiaTour ",19-06-2023 16:30, RoadTripSenior , Facebook , #CherishedPlaces #SeniorTravel ,22,45, Canada,2023,6,19,16,Positive
612,616,"Joined a community choir, harmonizing with fellow voices. Music creates bonds that withstand time. #CommunityChoir #HarmonyInAging ",20-06-2023 14:20, ChoirEnthusiast , Instagram , #MusicHarmony #SeniorVoices ,20,40, USA,2023,6,20,14,Positive
616,620,"Participated in a community art class, unleashing creativity in the golden years. Art has no age limit. #ArtClass #SeniorArtistry ",24-06-2023 16:15, ArtisticSenior , Twitter , #CreativityAtAnyAge #SeniorCreativity ,22,45, Canada,2023,6,24,16,Positive
617,621,"Embarking on a journey of writing a memoir, documenting a lifetime of experiences. Every story matters. #MemoirWriting #SeniorStories ",25-06-2023 20:30, MemoiristSenior , Facebook , #LifetimeExperiences #SeniorMemoir ,35,70, USA,2023,6,25,20,Positive
620,624,"Joined a nature photography club, capturing the beauty of the great outdoors. Every click is a connection to nature. #NaturePhotography #SeniorPhotographer ",28-06-2023 22:15, NaturePhotographySenior , Facebook , #OutdoorBeauty #SeniorClicks ,18,35, UK,2023,6,28,22,Positive
621,625,"Attended a jazz concert and swayed to the rhythm of timeless tunes. Music, a constant companion in the golden years. #JazzConcert #SeniorMusic ",29-06-2023 16:30, JazzMusicLover , Instagram , #TimelessTunes #SeniorJazz ,25,50, USA,2023,6,29,16,Positive
622,626,"Joined a writing group, penning down thoughts and reflections. Writing, a journey into the depths of the soul. #WritingGroup #SeniorWriter ",30-06-2023 19:30, SeniorWordsmith , Twitter , #SoulfulWriting #SeniorReflections ,28,55, UK,2023,6,30,19,Positive
623,627,"Embarked on a solo travel adventure, discovering the beauty of new places at my own pace. #SoloTravel #SeniorExplorer ",01-07-2023 14:00, SoloAdventurer , Instagram , #DiscoverNewPlaces #SeniorTravel ,30,60, USA,2023,7,1,14,Positive
624,628,"Attended a vintage car show, reminiscing about the classics that once ruled the roads. Nostalgia in every rev. #VintageCars #ClassicRides ",02-07-2023 18:30, CarEnthusiastSenior , Facebook , #RoadTripDownMemoryLane #SeniorCars ,22,45, UK,2023,7,2,18,Positive
625,629,"Started a community garden, growing not just plants but friendships too. Green thumbs unite! #CommunityGarden #SeniorGardener ",03-07-2023 12:45, GreenThumbSenior , Twitter , #GardenFriends #SeniorGreenThumb ,28,55, Canada,2023,7,3,12,Positive
627,631,"Enrolled in a dance class for seniors, moving to the rhythm of life. Age is just a number on the dance floor. #DanceClass #SeniorDancer ",05-07-2023 20:15, DanceEnthusiastSenior , Twitter , #DanceLife #SeniorMoves ,18,35, UK,2023,7,5,20,Positive
628,632,"Visited an art gallery, appreciating the brushstrokes that tell tales of creativity. Art, an eternal companion. #ArtGallery #SeniorArtLover ",06-07-2023 14:30, ArtGalleryVisitor , Facebook , #CreativeExpressions #SeniorArt ,25,50, USA,2023,7,6,14,Positive
629,633,"Started a book club for seniors, where discussions are as lively as the characters in the novels. #BookClub #SeniorReaders ",07-07-2023 19:45, SeniorBookClub , Instagram , #BookishTalks #SeniorBookworms ,22,45, UK,2023,7,7,19,Positive
631,635,"Participated in a local theater production, proving that the stage belongs to every age. #TheaterProduction #SeniorActor ",09-07-2023 22:30, SeniorActor , Facebook , #StagePassion #SeniorTheater ,20,40, USA,2023,7,9,22,Positive
632,636,"Embarked on a hiking adventure, conquering trails and relishing the beauty of nature. Age is just a number on the mountaintop. #HikingAdventure #SeniorHiker ",10-07-2023 14:20, SeniorHikerExplorer , Instagram , #NatureTrailBlazer #SeniorExplorer ,28,55, UK,2023,7,10,14,Positive
633,637,Hosted a photography exhibition featuring snapshots of a life well-lived. Every photo has a story to tell. #PhotographyExhibition #SeniorPhotographer ,11-07-2023 18:45, SeniorPhotographerExhibitor , Twitter , #LifeInPictures #SeniorExhibition ,22,45, Canada,2023,7,11,18,Positive
634,638,"Joined a seniors' cycling club, feeling the wind in my hair and the freedom of the open road. #CyclingClub #SeniorCyclist ",12-07-2023 13:45, SeniorCyclingEnthusiast , Facebook , #OpenRoadAdventures #SeniorCycling ,25,50, USA,2023,7,12,13,Positive
635,639,"Attended a wine tasting event, savoring the richness of flavors that age like fine wine. Cheers to the golden years! #WineTasting #SeniorWineLover ",13-07-2023 20:00, SeniorWineConnoisseur , Instagram , #AgedToPerfection #SeniorCheers ,35,70, UK,2023,7,13,20,Positive
636,640,"Started learning ballroom dancing, gliding gracefully across the dance floor. Ageless elegance in every step. #BallroomDancing #SeniorDancer ",14-07-2023 16:15, SeniorBallroomDancer , Twitter , #GracefulMoves #SeniorDance ,20,40, USA,2023,7,14,16,Positive
637,641,"Organized a community painting event, turning blank canvases into a masterpiece of shared creativity. #PaintingEvent #SeniorArtist ",15-07-2023 19:30, SeniorPaintingOrganizer , Facebook , #CommunityArt #SeniorCreativity ,28,55, Canada,2023,7,15,19,Positive
638,642,"Hosted a 'memory lane' evening with old friends, reminiscing about the adventures that shaped our lives. #MemoryLane #SeniorReminiscing ",16-07-2023 14:00, SeniorMemoriesHost , Instagram , #FriendshipAdventures #SeniorNostalgia ,30,60, USA,2023,7,16,14,Positive
640,644,"Attended a local jazz festival, tapping toes to the tunes that have stood the test of time. Music, a lifelong love affair. #JazzFestival #SeniorMusicLover ",18-07-2023 16:30, SeniorJazzFestivalGoer , Facebook , #TimelessTunes #SeniorJazz ,25,50, USA,2023,7,18,16,Positive
641,645,"Started a blog sharing the wisdom gained through the years, proving that every day is a chance to learn and grow. #SeniorWisdom #Blog ",19-07-2023 19:45, WisdomBloggerSenior , Instagram , #LifeLessons #SeniorBlog ,22,45, UK,2023,7,19,19,Positive
642,646,"Participated in a charity run, proving that age is no barrier to supporting meaningful causes. #CharityRun #SeniorRunner ",20-07-2023 17:00, SeniorCharityRunner , Twitter , #RunForACause #SeniorSupport ,30,60, Canada,2023,7,20,17,Positive
644,648,Exploring the world of coding. Debugging is an adventure on its own! #CodingJourney #HighSchoolCoder ,02-08-2023 14:45, CodeExplorerHighSchool , Twitter , #CodingAdventure #HighSchoolCoderLife ,25,50, UK,2023,8,2,14,Positive
645,649,"Joined the school debate team. Words are my weapons, and I'm ready for battle! ",03-08-2023 12:15, DebateWarriorHighSchool , Facebook , #DebateWarrior #HighSchoolDebater ,18,35, Canada,2023,8,3,12,Positive
646,650,"Started a photography club at school. Capturing moments, one snapshot at a time! ",04-08-2023 16:30, PhotoClubHighSchool , Instagram , #PhotographyClub #HighSchoolPhotographer ,22,45, USA,2023,8,4,16,Positive
647,651,"Daydreaming about the upcoming prom. The dress, the dance ‚Äì it's a fairytale in the making! ",05-08-2023 19:45, PromDreamerHighSchool , Twitter , #PromDreams #HighSchoolFairytale ,30,60, Canada,2023,8,5,19,Positive
648,652,Convinced the teacher to have class outdoors. Learning equations with a side of fresh air! ,06-08-2023 14:00, OutdoorClassHighSchool , Facebook , #OutdoorClassroom #HighSchoolExplorer ,28,55, USA,2023,8,6,14,Positive
650,654,Trying to master the perfect kickflip on my skateboard. Skating into the weekend like a pro! ,08-08-2023 16:00, SkateProHighSchool , Twitter , #SkaterLife #HighSchoolSkater ,30,60, Canada,2023,8,8,16,Positive
651,655,Bonding with friends over the latest K-pop sensation. Fangirling at its finest! ,09-08-2023 22:30, KpopFangirlHighSchool , Facebook , #KpopFangirl #HighSchoolMusic ,20,40, USA,2023,8,9,22,Positive
652,656,Spent hours perfecting a chemistry experiment. Mixing potions like a wizard! ,10-08-2023 14:20, ChemistryWizardHighSchool , Instagram , #ChemistryWizard #HighSchoolScientist ,28,55, UK,2023,8,10,14,Positive
653,657,Successfully organized a surprise birthday party for a friend. Party planning expert mode: Achieved! ,11-08-2023 18:45, BirthdayPartyPlannerHighSchool , Twitter , #BirthdayParty #HighSchoolCelebration ,22,45, Canada,2023,8,11,18,Positive
654,658,"Joined the drama club to unleash my inner actor. Lights, camera, action! ",12-08-2023 13:45, DramaClubStarHighSchool , Facebook , #DramaClubStar #HighSchoolActor ,25,50, USA,2023,8,12,13,Positive
655,659,Got my hands on the latest fantasy novel. Diving into realms of magic and adventure! ,13-08-2023 20:00, FantasyBookNerdHighSchool , Instagram , #FantasyBookNerd #HighSchoolReader ,35,70, UK,2023,8,13,20,Positive
656,660,Mastering the art of the perfect doodle during boring classes. Doodles: A+! ,14-08-2023 16:15, DoodleMasterHighSchool , Twitter , #DoodleMaster #HighSchoolArt ,20,40, USA,2023,8,14,16,Positive
657,661,Attempting to break the school record for the longest handstand. Wish me luck! ,15-08-2023 19:30, HandstandChallengeHighSchool , Facebook , #HandstandChallenge #HighSchoolAthlete ,28,55, Canada,2023,8,15,19,Positive
659,663,Hosting a sleepover with friends this weekend. Preparing for a night of laughter and memories! ,17-08-2023 22:15, SleepoverHostHighSchool , Twitter , #SleepoverFun #HighSchoolMemories ,18,35, UK,2023,8,17,22,Positive
663,667,Mastered the art of creating paper airplanes during lecture. Paper planes: Soaring to new heights! ,21-08-2023 15:45, PaperPlaneExpertHighSchool , Instagram , #PaperPlaneExpert #HighSchoolArt ,15,30, USA,2023,8,21,15,Positive
664,668,Trying to set a new trend by juggling textbooks between classes. Academic juggling: A unique skill! ,22-08-2023 12:30, JugglingProHighSchool , Facebook , #TextbookJuggling #HighSchoolSkills ,22,40, Canada,2023,8,22,12,Positive
666,670,Planning a surprise scavenger hunt for friends. Anticipating the thrill and excitement! ,24-08-2023 18:20, ScavengerHuntMasterHighSchool , Instagram , #SurpriseAdventure #HighSchoolFun ,20,38, UK,2023,8,24,18,Positive
667,671,Danced in the rain to celebrate the end of exams. Rain dance: Unexpectedly refreshing! ,25-08-2023 14:15, RainDanceCelebrationHighSchool , Facebook , #RainDance #HighSchoolJoy ,25,50, Canada,2023,8,25,14,Positive
670,674,Perfecting the art of creating origami during a dull lecture. Origami mastery: A+! ,28-08-2023 16:00, OrigamiProHighSchool , Twitter , #OrigamiMaster #HighSchoolArt ,18,36, USA,2023,8,28,16,Positive
671,675,Attempting to set a new record for the most consecutive hacky sack kicks. Hacky sack skills: Unleashed! ,29-08-2023 13:45, HackySackChampionHighSchool , Instagram , #HackySackChallenge #HighSchoolAthlete ,26,48, Canada,2023,8,29,13,Positive
672,676,Creating a secret handshake with friends. Friendship level: Expert! ,30-08-2023 17:30, SecretHandshakeHighSchool , Facebook , #FriendshipGoals #HighSchoolMemories ,20,40, USA,2023,8,30,17,Positive
673,677,Embarking on a mission to find the best burger joint in town. Burger connoisseur: Reporting for duty! ,31-08-2023 20:15, BurgerQuestHighSchool , Twitter , #BurgerQuest #HighSchoolFoodie ,24,42, UK,2023,8,31,20,Positive
674,678,Practicing a stand-up comedy routine for the upcoming talent show. Comedy gig: In the making! ,01-09-2023 14:45, ComedyGeniusHighSchool , Instagram , #StandUpComedy #HighSchoolTalent ,21,39, Canada,2023,9,1,14,Positive
676,680,Attempting to impress the teacher with an elaborate science experiment. Science geek mode: Activated! ,03-09-2023 22:00, ScienceExperimentProHighSchool , Twitter , #ScienceGeek #HighSchoolExperiments ,23,44, UK,2023,9,3,22,Positive
677,681,Crafting intricate friendship bracelets for the whole squad. Friendship level: Expert weaver! ,04-09-2023 15:15, BraceletCraftsmanHighSchool , Instagram , #FriendshipBracelets #HighSchoolCrafts ,19,37, USA,2023,9,4,15,Positive
678,682,Attempting to beat the record for the most consecutive cartwheels. Cartwheel challenge: Underway! ,05-09-2023 12:30, CartwheelMasterHighSchool , Twitter , #CartwheelChallenge #HighSchoolAthlete ,27,52, Canada,2023,9,5,12,Positive
679,683,Organizing a movie marathon with friends. Popcorn and cinematic adventures await! ,06-09-2023 16:45, MovieMarathonHostHighSchool , Facebook , #MovieNight #HighSchoolMemories ,22,43, UK,2023,9,6,16,Positive
680,684,Experimenting with a new hair color. A bold change for a bold semester! ,07-09-2023 18:20, HairColorExperimentHighSchool , Instagram , #HairExperiment #HighSchoolStyle ,20,39, USA,2023,9,7,18,Positive
681,685,Building a time capsule to capture memories for the future. Time-traveling emotions! ,08-09-2023 14:15, TimeCapsuleCreatorHighSchool , Facebook , #TimeCapsule #HighSchoolNostalgia ,26,48, Canada,2023,9,8,14,Positive
683,687,Trying out a new smoothie recipe for a healthy start to the week. Smoothie enthusiast: Level up! ,10-09-2023 20:45, SmoothieConnoisseurHighSchool , Instagram , #HealthyLiving #HighSchoolWellness ,23,42, UK,2023,9,10,20,Positive
685,689,Encountered some mean-spirited comments online. Dealing with online hate is never easy. ,12-09-2023 12:30, DealingWithHateHighSchool , Instagram , #OnlineHate #HighSchoolReality ,18,36, Canada,2023,9,12,12,Negative
688,692,Witnessed a heated argument in the cafeteria. Unpleasant atmosphere at lunch. ,15-09-2023 14:15, CafeteriaConflictHighSchool , Instagram , #CafeteriaDrama #HighSchoolTension ,21,41, Canada,2023,9,15,14,Negative
692,696,Experiencing cyberbullying. Hateful messages online are disheartening. ,19-09-2023 15:15, CyberbullyingVictimHighSchool , Facebook , #StopCyberbullying #HighSchoolReality ,14,27, UK,2023,9,19,15,Negative
695,699,Dealing with unfounded rumors circulating about personal life. Rumors can be hurtful. ,22-09-2023 18:20, RumorVictimHighSchool , Facebook , #RumorMills #HighSchoolDrama ,23,46, UK,2023,9,22,18,Negative
699,703,Encountering online toxicity during a gaming session. Hateful comments can ruin the fun. ,26-09-2023 14:15, GamingToxicityHighSchool , Twitter , #OnlineGaming #HighSchoolGamer ,16,32, USA,2023,9,26,14,Negative
702,706,Experiencing hate comments for expressing personal opinions. Online negativity prevails. ,29-09-2023 15:45, OpinionsHateHighSchool , Twitter , #OnlineOpinions #HighSchoolCriticism ,24,48, USA,2023,9,29,15,Negative
705,709,Trying out a new study technique for upcoming exams. Exploring different learning strategies. ,02-10-2023 16:45, StudyTechniqueExperimentHighSchool , Instagram , #StudyStrategies #HighSchoolExams ,23,42, USA,2023,10,2,16,Neutral
706,710,Organizing a community cleanup event for a cleaner neighborhood. Promoting environmental awareness. ,03-10-2023 12:30, CommunityCleanupHighSchool , Twitter , #EnvironmentalEfforts #HighSchoolCommunity ,26,50, Canada,2023,10,3,12,Neutral
707,711,Sharing favorite book recommendations with classmates. Building a mini book club. ,04-10-2023 18:20, BookRecommendationsHighSchool , Facebook , #BookClub #HighSchoolReads ,19,38, UK,2023,10,4,18,Neutral
708,712,Experimenting with a new recipe for a school bake sale. Baking adventures in the kitchen. ,05-10-2023 14:15, BakeSaleRecipeExperimentHighSchool , Instagram , #BakingAdventures #HighSchoolBakes ,21,43, USA,2023,10,5,14,Neutral
709,713,Collaborating on a school project with peers. Teamwork makes the dream work. ,06-10-2023 17:30, SchoolProjectCollaborationHighSchool , Twitter , #Teamwork #HighSchoolProjects ,18,36, Canada,2023,10,6,17,Neutral
710,714,Attending a school club meeting to explore new interests. Dabbling in extracurricular activities. ,07-10-2023 20:45, ExtracurricularExplorationHighSchool , Instagram , #SchoolClubs #HighSchoolInterests ,22,45, UK,2023,10,7,20,Neutral
711,715,Exploring a new part-time job opportunity for gaining work experience. Career development in progress. ,08-10-2023 15:15, PartTimeJobExplorationHighSchool , Facebook , #CareerDevelopment #HighSchoolJobs ,24,48, USA,2023,10,8,15,Neutral
712,716,Attending a school assembly to stay informed about upcoming events and announcements. Staying connected with school activities. ,09-10-2023 22:00, SchoolAssemblyParticipationHighSchool , Twitter , #SchoolEvents #HighSchoolConnectivity ,20,40, Canada,2023,10,9,22,Neutral
713,717,Exploring a new hobby of photography during free time. Capturing moments through a lens. ,10-10-2023 14:15, PhotographyHobbyHighSchool , Instagram , #PhotographyJourney #HighSchoolHobbies ,25,49, UK,2023,10,10,14,Neutral
714,718,Participating in a science fair to showcase a unique experiment. Sharing knowledge with peers. ,11-10-2023 16:45, ScienceFairParticipationHighSchool , Facebook , #ScienceFair #HighSchoolScience ,19,37, USA,2023,10,11,16,Neutral
715,719,Attending a workshop on time management to enhance organizational skills. Striving for efficiency. ,12-10-2023 18:20, TimeManagementWorkshopHighSchool , Twitter , #EfficiencyGoals #HighSchoolSkills ,23,44, Canada,2023,10,12,18,Neutral
716,720,Volunteering at a local charity event to give back to the community. Contributing to social causes. ,13-10-2023 12:30, CharityEventVolunteerHighSchool , Instagram , #CommunityService #HighSchoolVolunteer ,20,39, UK,2023,10,13,12,Neutral
717,721,Collaborating on a group project to promote teamwork and shared responsibilities. Group effort in action. ,14-10-2023 17:30, GroupProjectCollaborationHighSchool , Facebook , #TeamSpirit #HighSchoolProjects ,18,35, USA,2023,10,14,17,Neutral
718,722,Participating in a debate club to enhance critical thinking and communication skills. Intellectual engagement in progress. ,15-10-2023 20:45, DebateClubParticipationHighSchool , Twitter , #DebateSkills #HighSchoolIntellect ,22,43, Canada,2023,10,15,20,Neutral
